<?xml version="1.0" encoding="UTF-8" ?>
<data-crow-objects xmlns:xsi="http://www.w3.org/2001/XMLSchema-instance" xsi:noNamespaceSchemaLocation="software.xsd">
    <software-item>
        <item>Software</item>
        <available>true</available>
        <categories>
        </categories>
        <container></container>
        <countries>
            <country>
                <name>Netherlands</name>
            </country>
        </countries>
        <created>2009-12-09</created>
        <days-loaned></days-loaned>
        <days-till-overdue></days-till-overdue>
        <description>Data Crow is the ultimate media cataloger and media organiser. Always wanted to manage all your collections in one product? You want a product you can customize to your needs? Your search ends here! Using Data Crow allows you to create a huge database containing all your collected items. You can use the excellent online services to retrieve the information instead of typing all the information yourself. </description>
        <developers>
        </developers>
        <due-date></due-date>
        <ean></ean>
        <external-references>
            <external-reference>
                <type>PDCR</type>
            </external-reference>
        </external-references>
        <filehash></filehash>
        <filehash-type></filehash-type>
        <filename></filename>
        <filesize></filesize>
        <id>129225663996473</id>
        <item>Software</item>
        <item-value></item-value>
        <label>Data Crow</label>
        <languages>
            <language>
                <name>Dutch</name>
            </language>
            <language>
                <name>English</name>
            </language>
            <language>
                <name>Spanish</name>
            </language>
            <language>
                <name>Italian</name>
            </language>
            <language>
                <name>German</name>
            </language>
            <language>
                <name>French</name>
            </language>
        </languages>
        <lend-by></lend-by>
        <license></license>
        <modified>2009-12-09</modified>
        <multiplayer-></multiplayer->
        <picture-back></picture-back>
        <picture-cd></picture-cd>
        <picture-front>file:///D:\software_images\129225663996473_PictureFront.jpg</picture-front>
        <platform>OS Independent</platform>
        <publishers>
        </publishers>
        <rating>8 out of 10</rating>
        <screenshot-one></screenshot-one>
        <screenshot-three></screenshot-three>
        <screenshot-two></screenshot-two>
        <serial-key></serial-key>
        <service></service>
        <service-url></service-url>
        <state>
        </state>
        <storage-medium></storage-medium>
        <title>Data Crow</title>
        <user-long-text-field></user-long-text-field>
        <user-numeric-field-1></user-numeric-field-1>
        <user-numeric-field-2></user-numeric-field-2>
        <user-short-text-field-1></user-short-text-field-1>
        <user-short-text-field-2></user-short-text-field-2>
        <version></version>
        <webpage></webpage>
        <year>2009</year>
    </software-item>
</data-crow-objects>
